[
  {
    "id": "7juM1tdxM0vyzmAgPaEyh",
    "title": "Gilligan's Island. Is it true?",
    "imageUrl": "https://cdnmetv.metv.com/9MR0H-1528836326-1136-lists-leaving_gilligans_island_main.png",
    "body": "The first mate and his Skipper too will do their very best to make the others comfortable in their tropic island nest. Michael Knight a young loner on a crusade to champion the cause of the innocent. The helpless. The powerless in a world of criminals who operate above the law. Here he comes Here comes Speed Racer. A demon on wheels."
  },
  {
    "id": "JYEuaAGAr83Wnf6q6xnhI",
    "title": "A Baseball Moment",
    "imageUrl": "https://static01.nyt.com/images/2020/08/24/sports/24mlb-kepner-1/merlin_176084667_69b1099b-0b7e-41ce-bfdf-e407899f10dc-mobileMasterAt3x.jpg",
    "body": "Baseball ipsum dolor sit amet cellar rubber win hack tossed. Slugging catcher slide bench league, left fielder nubber. Bullpen blue run rotation relief pitcher grass umpire. Forkball bullpen suicide squeeze club bush league field sport. Base cookie triple play blue hot dog relay rake starting pitcher inning."
  },
  {
    "id": "51KotEjezn-cWQW2AvZCp",
    "title": "Poke Moment",
    "imageUrl": "https://cdn.vox-cdn.com/thumbor/e4KRzS--UsuixA2G8TOCwJ-O024=/1400x1050/filters:format(png)/cdn.vox-cdn.com/uploads/chorus_asset/file/6839749/pokemon.0.png",
    "body": "Bulbasaur Lorem ipsum dolor sit amet, consectetur adipiscing elit. Ivysaur Lorem ipsum dolor sit amet, consectetur adipiscing elit. Venusaur Lorem ipsum dolor sit amet, consectetur adipiscing elit. Charmander Lorem ipsum dolor sit amet, consectetur adipiscing elit. Charmeleon Lorem ipsum dolor sit amet, consectetur adipiscing elit"
  },
  {
    "id": "RC1f7SqEWOSc9fMMhsSRi",
    "imageUrl": "https://wallpaperaccess.com/full/82956.jpg",
    "title": "Cool Cats",
    "body": "Chase ball of string eat plants, meow, and throw up because I ate plants going to catch the red dot today going to catch the red dot today. I could pee on this if I had the energy. Chew iPad power cord steal the warm chair right after you get up for purr for no reason leave hair everywhere, decide to want nothing to do with my owner today."
  },

  {
    "id": "Lpi7uD2s2zi5rh3s7uSu-",
    "title": "Why Am I At Home",
    "imageUrl": "https://thumbor.forbes.com/thumbor/960x0/https%3A%2F%2Fblogs-images.forbes.com%2Frobcain%2Ffiles%2F2017%2F10%2FKevin-Home-Alone.jpg",
    "body": "Lorem ipsum dolor sit amet, consectetur adipisicing elit. Ex esse laboriosam officia accusantium veritatis fugiat exercitationem vero autem nihil aliquid ullam recusandae, quis odit odio voluptates explicabo nobis! Consequuntur, aliquam? "
  }
]